<?xml version="1.0" encoding="UTF-8"?>
<beans xmlns="http://www.springframework.org/schema/beans" xmlns:xsi="http://www.w3.org/2001/XMLSchema-instance"
  xmlns:p="http://www.springframework.org/schema/p" xmlns:context="http://www.springframework.org/schema/context"
  xmlns:jee="http://www.springframework.org/schema/jee" xmlns:tx="http://www.springframework.org/schema/tx"
  xsi:schemaLocation="
      http://www.springframework.org/schema/beans http://www.springframework.org/schema/beans/spring-beans-3.0.xsd
      http://www.springframework.org/schema/context http://www.springframework.org/schema/context/spring-context-3.0.xsd
      http://www.springframework.org/schema/jee http://www.springframework.org/schema/jee/spring-jee-3.0.xsd
      http://www.springframework.org/schema/tx http://www.springframework.org/schema/tx/spring-tx-3.0.xsd">
  
  <context:property-placeholder location="WEB-INF/program.properties,WEB-INF/host.properties"/>
  
  <bean id="viewResolver" class="org.springframework.web.servlet.view.InternalResourceViewResolver">
    <property name="prefix"><value>/</value></property>
    <property name="suffix"><value>.jsp</value></property>
  </bean>
  
  <bean id="cerBankAdmin" class="tw.com.cht.ra.server.controller.CertBankAdmin">
    <property name="ip">
       <value>${ip}</value>
    </property>
    <property name="formView">
       <value>CertBankAdminError</value>
    </property>
    <!-- <property name="getCAStatusURL">
           <value>http://192.168.33.23:7003/SPHost/GetCAStatus</value>
         </property>
     -->
    <property name="certapplyinfoDao" ref="certapplyinfoDAO"/>
    <property name="customerinfoDAO" ref="customerinfoDAO"/>
    <property name="revokeURL" value="https://10.0.2.55/RAServer/revoke"/>
    <!-- <property name="batchqueueDAO"    ref="certalterbatchqueueDAO"/> -->
  </bean>

  <bean id="processBatchQueue" class="tw.com.cht.ra.server.controller.ProcessBatchQueue">
    <property name="ip">
       <value>${raserver}</value>
    </property>
    <property name="batchqueueDAO"    ref="certalterbatchqueueDAO"/>
    <property name="certapplyinfoDAO" ref="certapplyinfoDAO"/>
    <property name="progUrl">
       <value>${revoke.url}</value>
    </property>
    </bean>
    
  
  
  <!--
  <bean id="simulateCA" class="tw.com.cht.raserver.controller.SimulateCA">
  </bean>
  -->
  <bean id="urlMapping" class="org.springframework.web.servlet.handler.SimpleUrlHandlerMapping">
    <property name="mappings">
      <props>
        <prop key="CertBankAdmin.do">cerBankAdmin</prop>
        <prop key="processBatchQueue.do">processBatchQueue</prop>        
        <!--<prop key="simulateCA.do">simulateCA</prop> -->
      </props>
    </property>
  </bean>
</beans>