﻿<?xml version="1.0" encoding="UTF-8"?>
<beans xmlns="http://www.springframework.org/schema/beans" xmlns:xsi="http://www.w3.org/2001/XMLSchema-instance"
  xmlns:p="http://www.springframework.org/schema/p" xmlns:context="http://www.springframework.org/schema/context"
  xmlns:jee="http://www.springframework.org/schema/jee" xmlns:tx="http://www.springframework.org/schema/tx"
  xmlns:flow="http://www.springframework.org/schema/webflow-config"
  xsi:schemaLocation="
      http://www.springframework.org/schema/beans http://www.springframework.org/schema/beans/spring-beans-2.5.xsd
      http://www.springframework.org/schema/context http://www.springframework.org/schema/context/spring-context-2.5.xsd
      http://www.springframework.org/schema/jee http://www.springframework.org/schema/jee/spring-jee-2.5.xsd
      http://www.springframework.org/schema/tx http://www.springframework.org/schema/tx/spring-tx-2.5.xsd
      http://www.springframework.org/schema/webflow-config http://www.springframework.org/schema/webflow-config/spring-webflow-config-1.0.xsd">
   
  <bean id="flowController" class="org.springframework.webflow.executor.mvc.FlowController">
      <property name="flowExecutor" ref="flowExecutor" /> 
  </bean>

  <!-- wen add 20190312 -->
  <bean id="VerifySignatureServlet" class="tw.com.cht.ra.web.servlet.VerifySignatureServlet">
    <property name="certapplyinfoDao" ref="certapplyinfoDAO"/> 
    <property name="allowipFile" value="VerifySigIP.txt"/>
    <property name="koalurl" value="10.0.2.200"/>
  </bean>  

  <bean id="enableCertAction" class="tw.com.cht.ra.web.flow.EnableCertAction">
    <property name="certapplyinfoDAO" ref="certapplyinfoDAO"/>
    <property name="sessionTableDAO" ref="sessionTableDAO"/>
    <property name="cvsConfig" value="WEB-INF\config.xml"/>
    <property name="koalURL" value="10.0.2.200"/>
  </bean> 
  
  <bean id="reapplyAction" class="tw.com.cht.ra.web.flow.ReapplyAction">
    <property name="revokeURL" value="http://10.0.2.43:80/RAServer/revoke"/>
    <property name="certapplyinfoDAO" ref="certapplyinfoDAO"/>
    <property name="sessionTableDAO" ref="sessionTableDAO"/>
  </bean>
    
    
   <bean id="determinAction" 
      class="tw.com.cht.ra.web.flow.DetermineAction">
     <property name="customerinfoDAO" ref="customerinfoDAO"/>
     <property name="certapplyinfoDAO" ref="certapplyinfoDAO"/>
     <property name="sessionTableDAO" ref="sessionTableDAO"/>  
     <property name="taiCAinfoDAO" ref="taiCAinfoDAO"/>
     <property name="revokeURL" value="http://10.0.2.43:80/RAServer/revoke"/>
     <property name="connstr" value="jdbc:oracle:thin:@192.168.29.169:1521:MW"/>
     <property name="usr" value="xcausr"/>
     <property name="pwd" value="eGNhdXNy"/>
     <property name="twnURL" value="http://192.168.33.23:7003/RAServer/TWNServlet"/>
     <property name="certinfoURL" value="http://210.71.154.30/QueryCertForPubca/querycert2"/>
     <property name="renew_period" value="730"/>
	 <property name="verify_period" value="30"/>
	 <property name="getTwoCodeURL" value="http://127.0.0.1:80/CFCAHost/GetTwoCode"/>
	 <property name="extensionCertURL" value="http://127.0.0.1:80/CFCAHost/GetTwoCode_extensionCert"/>	 
   </bean>   
   
   <bean id="prepData" 
      class="tw.com.cht.ra.web.flow.PrepareData">
     <property name="certapplyinfoDAO" ref="certapplyinfoDAO"/>
     <property name="sessionTableDAO" ref="sessionTableDAO"/> 
   </bean>
   
   <bean id="relay" 
      class="tw.com.cht.ra.web.flow.relay">
    <property name="sessionTableDAO" ref="sessionTableDAO"/>
   </bean>
   
   <bean id="RAGateway" 
      class="tw.com.cht.ra.web.flow.RAGateway">
      <property name="certapplyinfoDAO" ref="certapplyinfoDAO"/>
      <property name="sessionTableDAO" ref="sessionTableDAO"/>
      <property name="certEnrollURL" value="http://10.0.2.43:80/RAServer/CertEnroll"/>
   </bean>      
     
   <bean id="ValidateSig" 
      class="tw.com.cht.ra.web.flow.ValidateSig">
      <property name="certapplyinfoDAO" ref="certapplyinfoDAO"/> 
      <property name="taiCAinfoDAO" ref="taiCAinfoDAO"/>
      <property name="sessionTableDAO" ref="sessionTableDAO"/>
      <property name="cvsConfig" value="WEB-INF\config.xml"/>
      <property name="koalURL" value="10.0.2.200"/>
   </bean>   
     
   <bean id="QueryP7" 
      class="tw.com.cht.ra.web.flow.QueryP7">
      <property name="certapplyinfoDAO" ref="certapplyinfoDAO"/>
      <property name="sessionTableDAO" ref="sessionTableDAO"/> 
      <property name="taiCAinfoDAO" ref="taiCAinfoDAO"/>
   </bean>     
     
   <bean id="ErrorLogger" 
      class="tw.com.cht.ra.web.util.ErrorLogger">
      <property name="revokeURL" value="http://10.0.2.43:80/RAServer/revoke"/>
      <property name="certapplyinfoDAO" ref="certapplyinfoDAO"/>
      <property name="sessionTableDAO" ref="sessionTableDAO"/>
   </bean> 
      
  <bean id="viewResolver" class="org.springframework.web.servlet.view.InternalResourceViewResolver">
    <property name="prefix"><value>/</value></property>
    <property name="suffix"><value>.jsp</value></property>
  </bean>
  
  <bean id="inquiryController" class="tw.com.cht.ra.web.controller.InquiryController">
    <property name="inquiryView" value="inquiry"/>
    <property name="suspendView" value="suspend"/>
    <property name="errorView" value="ErrorPage"/>
    <property name="customerinfoDAO" ref="customerinfoDAO"/>
    <property name="certapplyinfoDAO" ref="certapplyinfoDAO"/>
    <property name="twnURL" value="http://192.168.33.23:7003/RAServer/TWNServlet"/>
    <property name="sessionTableDAO" ref="sessionTableDAO"/>
  </bean>
  
  <bean id="suspendController" class="tw.com.cht.ra.web.controller.SuspendController">
    <property name="suspendView" value="suspend"/>
    <property name="errorView" value="ErrorPage"/>
    <property name="revokeURL" value="http://10.0.2.43:80/RAServer/revoke"/>
    <property name="certapplyinfoDAO" ref="certapplyinfoDAO"/>
    <property name="customerinfoDAO" ref="customerinfoDAO"/>
    <property name="twnURL" value="http://10.0.2.43:80/RAServer/revoke"/>
    <property name="sessionTableDAO" ref="sessionTableDAO"/>
  </bean>
  
  <bean id="parseCert" class="tw.com.cht.ra.web.controller.ParseCert">
    <property name="custDao" ref="customerinfoDAO"/>
    <property name="certapplyinfoDao" ref="certapplyinfoDAO"/>
    <property name="sessionTableDAO" ref="sessionTableDAO"/>
    <property name="errorView" value="ErrorPage"/>
  </bean>


  <bean id="uploadByFtp"
          class="tw.com.cht.ra.web.util.UploadByFtp">
        <property name="ip">
            <value>10.23.88.240</value>
        </property>
        <property name="port">
            <value>21</value>
        </property>
		<property name="account">
            <value>YXBfY29ycGlueGxfc3BldHJ1c3Q=</value>
        </property>
        <property name="password">
            <value>ZjJ0ajFleTM=</value>
        </property>
        <property name="uploadFile">
            <value></value>
        </property>
        <property name="destFileName">
            <value></value>
        </property>
        <property name="path">
            <value></value>
        </property>
  </bean>

  <bean id="signTest" class="tw.com.cht.ra.web.controller.SignatureTest">
    <property name="url" value="http://localhost/SPHost/UpdateAppServerSession"/>
    <property name="urlGetCAStauts" value="http://localhost/SPHost/GetApServerStatus"/>
    <property name="urlSendApServer" value="http://localhost/SPHost/UpdateTradeResult"/>
    <property name="callTWNURL" value="http://10.0.2.43:80/RAServer/GetTWNData"/>
    <property name="ftp" ref="uploadByFtp"/>
    <property name="adjunctPath" value="c:\\temp"/>  <!--暫存路徑-->
    <property name="certapplyinfoDao" ref="certapplyinfoDAO"/>
    <property name="transactionLogDAO" ref="transactionLogDAO"/>
    <property name="urlFile">
        <value>url.txt</value>
    </property>
    <property name="cvsConfig" value="WEB-INF\\config.xml"/>
    <property name="koalURL" value="10.0.2.200"/> 
  </bean>

  <bean id="dealTrans" class="tw.com.cht.ra.web.controller.DealTransaction">
    <property name="url" value="http://localhost/SPHost/UpdateAppServerSession"/>
    <!-- <property name="urlGetCAStauts" value="http://localhost/SPHost/GetCAStatus"/> -->
    <property name="urlGetCAStauts" value="http://localhost/SPHost/GetApServerStatus"/>
    <property name="urlSendApServer" value="http://localhost/SPHost/UpdateTradeResult"/>
    <property name="callTWNURL" value="http://localhost:7003/RAServer/GetTWNData"/>    
    <property name="callSERVLETURL" value="http://192.168.33.24:8003/RAWeb/dealTransEx.do"/>	<!--此部分為新增部分,另一台Servlet URL-->
    <property name="ftp" ref="uploadByFtp"/>
    <property name="adjunctPath" value="D:\\temp"/>  <!--暫存路徑-->
    <property name="certapplyinfoDao" ref="certapplyinfoDAO"/>
    <property name="transactionLogDAO" ref="transactionLogDAO"/>
    <property name="urlFile">
        <value>url.txt</value>
    </property>
    <property name="cvsConfig" value="WEB-INF\\config.xml"/>
    <property name="deleted" value="NO" />
	<property name="koalURL" value="10.0.2.200"/>
  </bean>

  <bean id="dealTransEx" class="tw.com.cht.ra.web.controller.DealTransactionEx">
    <property name="url" value="http://localhost/SPHost/UpdateAppServerSession"/>
    <!-- <property name="urlGetCAStauts" value="http://localhost/SPHost/GetCAStatus"/> -->
    <property name="urlGetCAStauts" value="http://localhost/SPHost/GetApServerStatus"/>
    <property name="urlSendApServer" value="http://localhost/SPHost/UpdateTradeResult"/>
    <property name="callTWNURL" value="http://localhost:7003/RAServer/GetTWNData"/>
    <property name="callSERVLETURL" value="http://10.0.2.44:80/RAWeb/dealTransEx.do"/>	<!--此部分為新增部分,另一台Servlet URL-->
    <property name="ftp" ref="uploadByFtp"/>
    <property name="adjunctPath" value="D:\\temp"/>  <!--暫存路徑-->
    <property name="certapplyinfoDao" ref="certapplyinfoDAO"/>
    <property name="transactionLogDAO" ref="transactionLogDAO"/>
    <property name="urlFile">
        <value>url.txt</value>
    </property>
    <property name="cvsConfig" value="WEB-INF\\config.xml"/>
    <property name="deleted" value="NO" />
    <property name="koalURL" value="10.0.2.200"/> 
  </bean>
  
  <bean id="smxVerify" class="tw.com.cht.ra.web.controller.SMXVerifyController">
    <property name="smxDAO" ref="smxDAO"/>
  </bean>
      <bean id="unblockController" class="tw.com.cht.ra.web.controller.TokenUnblockController">    
    <property name="errorView" value="ErrorPage"/>
    <property name="formView" value="unblockToken"/>
    <property name="successView" value="unblockSuccess"/>
    <property name="rmiURL" value="rmi://10.23.94.82:22980/HARD-SERVER"/>		    	   
    <property name="initKeyLabel" value="sokey"/><!--必需與RAAdmin設定一致-->
    <property name="sessionTableDAO" ref="sessionTableDAO"/>
    <property name="tokeninfoDAO" ref="tokeninfoDAO" />     
    <property name="sysparameterDAO" ref="sysparameterDAO" />
  </bean>

  <bean id="unblockUpdateController" class="tw.com.cht.ra.web.controller.TokenStatusUpdateController">    
    <property name="errorView" value="ErrorPage"/>
    <property name="successView" value="unblockToken"/>    	    	   
    <property name="sessionTableDAO" ref="sessionTableDAO"/>
    <property name="tokeninfoDAO" ref="tokeninfoDAO" />     	
  </bean>
  <bean id="urlMapping" class="org.springframework.web.servlet.handler.SimpleUrlHandlerMapping">
    <property name="mappings">
      <props>
       <prop key="flow.do">flowController</prop>
       <prop key="inquiry.do">inquiryController</prop>
       <prop key="suspend.do">suspendController</prop>
       <prop key="parseCert.do">parseCert</prop>
       <prop key="signTest.do">signTest</prop>
       <prop key="dealTrans.do">dealTrans</prop>
	     <prop key="dealTransEx.do">dealTransEx</prop>
       <prop key="verify.do">smxVerify</prop>
	   <prop key="unblock.do">unblockController</prop>
		<!--cools add 20140310 -->
		<prop key="unblockUpdate.do">unblockUpdateController</prop>
		<!--cools add 20140310 -->
		<prop key="verifySig.do">VerifySignatureServlet</prop>
      </props>
    </property>
  </bean>
</beans>